{
	"display": {
		"icon": {
			"item": "minecraft:ender_pearl"
		},
		"title": "TPA                          ",
		"description": ["",{"text":"Enter","color":"gold"},{"text":" ","color":"dark_aqua"},{"text":"/trigger tpa set <PID>","color":"aqua"},{"text":" to request to teleport to another player.\nEach player's ","color":"dark_aqua"},{"text":"PID","color":"aqua"},{"text":" (player ID) number can be found in the player list by pressing ","color":"dark_aqua"},{"keybind":"key.playerlist","color":"dark_aqua"},{"text":".","color":"dark_aqua"}],
		"show_toast": false,
		"announce_to_chat": false
	},
    "parent": "grant_gryczan:root",
	"criteria": {
		"tick": {
			"trigger": "minecraft:tick"
		}
	}
}
