{
	"display": {
		"icon": {
			"item": "minecraft:player_head",
			"nbt": "{SkullOwner:{Id:[I;0,0,0,0],Properties:{textures:[{Value:'eyJ0ZXh0dXJlcyI6eyJTS0lOIjp7InVybCI6Imh0dHA6Ly90ZXh0dXJlcy5taW5lY3JhZnQubmV0L3RleHR1cmUvMjM4MmM0ZTdmYTNlNmM2MzA4OGIwOTlkMGY1YWRlMmNiMzJkOTVjMWFiYTc1MDUzYWMwNmJkN2JiN2U4Yzc1MSJ9fX0='}]}}}"
		},
		"title": "Back                   ",
		"description": ["",{"text":"Enter","color":"gold"},{"text":" ","color":"dark_aqua"},{"text":"/trigger back","color":"aqua"},{"text":" to go back to the last location you teleported from (using Homes, Spawn, or TPA), or to your last death location if that's enabled.\n","color":"dark_aqua"},{"text":"Enter","color":"gold"},{"text":" ","color":"dark_aqua"},{"text":"/function back:config","color":"aqua"},{"text":" for config options.","color":"dark_aqua"}],
		"show_toast": false,
		"announce_to_chat": false
	},
    "parent": "grant_gryczan:root",
	"criteria": {
		"tick": {
			"trigger": "minecraft:tick"
		}
	}
}
