{
	"display": {
		"icon": {
			"item": "minecraft:experience_bottle"
		},
		"title": "XP Management       ",
		"description": ["",{"text":"Right-click","color":"gold"},{"text":" an enchanting table with an empty bottle to fill it with some of your XP.\n","color":"dark_aqua"},{"text":"Smelt","color":"gold"},{"text":" an XP bottle in a furnace to losslessly get your XP back.","color":"dark_aqua"}],
		"show_toast": false,
		"announce_to_chat": false
	},
    "parent": "grant_gryczan:root",
	"criteria": {
		"tick": {
			"trigger": "minecraft:tick"
		}
	}
}
