{
	"display": {
		"icon": {
			"item": "minecraft:red_bed"
		},
		"title": "Multiplayer Sleep   ",
		"description": ["",{"text":"Not all players in the overworld must sleep to skip the night and the rain.\n","color":"dark_aqua"},{"text":"Enter","color":"gold"},{"text":" ","color":"dark_aqua"},{"text":"/trigger mpSleep","color":"aqua"},{"text":" for details and personal settings.\n","color":"dark_aqua"},{"text":"Enter","color":"gold"},{"text":" ","color":"dark_aqua"},{"text":"/function multiplayer_sleep:config","color":"aqua"},{"text":" for config options.","color":"dark_aqua"}],
		"show_toast": false,
		"announce_to_chat": false
	},
    "parent": "grant_gryczan:root",
	"criteria": {
		"tick": {
			"trigger": "minecraft:tick"
		}
	}
}
