{
	"condition": "minecraft:alternative",
	"terms": [
		{
			"condition": "minecraft:entity_scores",
			"entity": "this",
			"scores": {
				"leafDec.oakL": 1
			}
		},
		{
			"condition": "minecraft:entity_scores",
			"entity": "this",
			"scores": {
				"leafDec.spruceL": 1
			}
		},
		{
			"condition": "minecraft:entity_scores",
			"entity": "this",
			"scores": {
				"leafDec.birchL": 1
			}
		},
		{
			"condition": "minecraft:entity_scores",
			"entity": "this",
			"scores": {
				"leafDec.jungleL": 1
			}
		},
		{
			"condition": "minecraft:entity_scores",
			"entity": "this",
			"scores": {
				"leafDec.acaciaL": 1
			}
		},
		{
			"condition": "minecraft:entity_scores",
			"entity": "this",
			"scores": {
				"leafDec.darkOakL": 1
			}
		},
		{
			"condition": "minecraft:entity_scores",
			"entity": "this",
			"scores": {
				"leafDec.oakS": 1
			}
		},
		{
			"condition": "minecraft:entity_scores",
			"entity": "this",
			"scores": {
				"leafDec.spruceS": 1
			}
		},
		{
			"condition": "minecraft:entity_scores",
			"entity": "this",
			"scores": {
				"leafDec.birchS": 1
			}
		},
		{
			"condition": "minecraft:entity_scores",
			"entity": "this",
			"scores": {
				"leafDec.jungleS": 1
			}
		},
		{
			"condition": "minecraft:entity_scores",
			"entity": "this",
			"scores": {
				"leafDec.acaciaS": 1
			}
		},
		{
			"condition": "minecraft:entity_scores",
			"entity": "this",
			"scores": {
				"leafDec.darkOakS": 1
			}
		}
	]
}
