{
	"display": {
		"icon": {
			"item": "minecraft:oak_door"
		},
		"title": "Homes                      ",
		"description": ["",{"text":"Enter","color":"gold"},{"text":" ","color":"dark_aqua"},{"text":"/trigger sethome","color":"aqua"},{"text":" or ","color":"dark_aqua"},{"text":"/trigger sethome set <ID>","color":"aqua"},{"text":" to set a home.\n","color":"dark_aqua"},{"text":"Enter","color":"gold"},{"text":" ","color":"dark_aqua"},{"text":"/trigger home","color":"aqua"},{"text":" or ","color":"dark_aqua"},{"text":"/trigger home set <ID>","color":"aqua"},{"text":" to teleport there at any time.\n","color":"dark_aqua"},{"text":"Enter","color":"gold"},{"text":" ","color":"dark_aqua"},{"text":"/trigger homes","color":"aqua"},{"text":" to list your homes.\n","color":"dark_aqua"},{"text":"Enter","color":"gold"},{"text":" ","color":"dark_aqua"},{"text":"/trigger namehome","color":"aqua"},{"text":" or ","color":"dark_aqua"},{"text":"/trigger namehome set <ID>","color":"aqua"},{"text":" to name a home.\n","color":"dark_aqua"},{"text":"Enter","color":"gold"},{"text":" ","color":"dark_aqua"},{"text":"/trigger delhome","color":"aqua"},{"text":" or ","color":"dark_aqua"},{"text":"/trigger delhome set <ID>","color":"aqua"},{"text":" to delete a home.\n","color":"dark_aqua"},{"text":"Enter","color":"gold"},{"text":" ","color":"dark_aqua"},{"text":"/function homes:config","color":"aqua"},{"text":" for config options.","color":"dark_aqua"}],
		"show_toast": false,
		"announce_to_chat": false
	},
    "parent": "grant_gryczan:root",
	"criteria": {
		"tick": {
			"trigger": "minecraft:tick"
		}
	}
}
