{
	"display": {
		"icon": {
			"item": "minecraft:filled_map"
		},
		"title": "Chunk Pre-Generator",
		"description": ["",{"text":"Generate a custom large area of chunks in your world to avoid world generation lag later during gameplay. Works in any dimension.\n","color":"dark_aqua"},{"text":"Enter","color":"gold"},{"text":" ","color":"dark_aqua"},{"text":"/function chunk_pregenerator:setup","color":"aqua"},{"text":" to set up.\n","color":"dark_aqua"},{"text":"Enter","color":"gold"},{"text":" ","color":"dark_aqua"},{"text":"/function chunk_pregenerator:stop","color":"aqua"},{"text":" to cancel.","color":"dark_aqua"}],
		"show_toast": false,
		"announce_to_chat": false
	},
    "parent": "grant_gryczan:root",
	"criteria": {
		"tick": {
			"trigger": "minecraft:tick"
		}
	}
}
