{
	"display": {
		"icon": {
			"item": "minecraft:obsidian"
		},
		"title": "Custom Nether Portals   ",
		"description": ["",{"text":"Ignite nether portals of any shape or size you like, or use crying obsidian in the portal frame. All features are configurable.\n","color":"dark_aqua"},{"text":"Enter","color":"gold"},{"text":" ","color":"dark_aqua"},{"text":"/trigger cusNetPor","color":"aqua"},{"text":" for details.\n","color":"dark_aqua"},{"text":"Enter","color":"gold"},{"text":" ","color":"dark_aqua"},{"text":"/function custom_nether_portals:config","color":"aqua"},{"text":" for config options.","color":"dark_aqua"}],
		"show_toast": false,
		"announce_to_chat": false
	},
    "parent": "grant_gryczan:root",
	"criteria": {
		"tick": {
			"trigger": "minecraft:tick"
		}
	}
}
