{
	"type": "minecraft:entity",
	"pools": [
		{
			"rolls": 1,
			"entries": [
				{
					"type": "minecraft:item",
					"functions": [
						{
							"function": "minecraft:set_count",
							"count": {
								"min": 1,
								"max": 2,
								"type": "minecraft:uniform"
							}
						},
						{
							"function": "minecraft:looting_enchant",
							"count": {
								"min": 0,
								"max": 1,
								"type": "minecraft:uniform"
							}
						},
						{
							"function": "minecraft:limit_count",
							"limit": {
								"min": 0,
								"max": 2
							}
						}
					],
					"name": "minecraft:shulker_shell"
				}
			]
		}
	]
}
