{
	"type": "minecraft:command",
	"pools": [
		{
			"rolls": 1,
			"entries": [
				{
					"type": "minecraft:item",
					"name": "minecraft:stone_button",
					"functions": [
						{
							"function": "minecraft:set_lore",
							"entity": "this",
							"lore": [
								["",{"text":"+ ","color":"dark_aqua","italic":false},{"entity":"@e[type=minecraft:item,tag=armEly.chestplate,limit=1]","nbt":"Item.tag.display.Name","interpret":true,"color":"dark_aqua","italic":true}]
							]
						},
						{
							"function": "minecraft:set_nbt",
							"tag": "{armElyLore:1b}"
						}
					]
				}
			]
		}
	]
}
