{
	"display": {
		"icon": {
			"item": "minecraft:enchanted_book"
		},
		"title": "Craftable Enchanted Books",
		"description": ["",{"text":"To craft an enchanted book, drop one book, one ingredient, and a certain number of bottles o' enchanting into a cauldron.\n","color":"dark_aqua"},{"text":"Enter","color":"gold"},{"text":" ","color":"dark_aqua"},{"text":"/trigger craEncBoo","color":"aqua"},{"text":" to get the recipe book.","color":"dark_aqua"}],
		"show_toast": false,
		"announce_to_chat": false
	},
    "parent": "grant_gryczan:xp_management",
	"criteria": {
		"tick": {
			"trigger": "minecraft:tick"
		}
	}
}
