{
	"display": {
		"icon": {
			"item": "minecraft:air"
		},
		"title": "",
		"description": "",
		"show_toast": false,
		"announce_to_chat": false,
		"hidden": true
	},
	"criteria": {
		"item_durability_changed": {
			"trigger": "minecraft:item_durability_changed",
			"conditions": {
				"durability": {
					"min": 1,
					"max": 6
				},
				"item": {
					"item": "minecraft:wooden_shovel"
				},
				"player": [
					{
						"condition": "minecraft:inverted",
						"term": {
							"condition": "minecraft:entity_scores",
							"entity": "this",
							"scores": {
								"duraPing.weapon": {
									"min": 1,
									"max": 2147483647
								}
							}
						}
					}
				]
			}
		}
	},
	"rewards": {
		"function": "durability_ping:damage"
	}
}
