{
	"display": {
		"icon": {
			"item": "minecraft:netherite_pickaxe"
		},
		"title": "Durability Ping",
		"description": ["",{"text":"placeholder text\n","color":"dark_aqua"},{"text":"Enter","color":"gold"},{"text":" ","color":"dark_aqua"},{"text":"/function durability_ping:config","color":"aqua"},{"text":" for config options.","color":"dark_aqua"}],
		"show_toast": false,
		"announce_to_chat": false
	},
    "parent": "grant_gryczan:root",
	"criteria": {
		"tick": {
			"trigger": "minecraft:tick"
		}
	}
}
